Frequency,Word
2173,matrix
1801,are
1451,row
1207,column
1128,vector
659,solution
589,equation
577,zero
547,ion
485,pivot
385,linear
377,multiply
362,basis
334,combination
315,ma
311,solve
300,ax
292,determinant
292,chapter
257,elimination
256,plane
247,rank
235,en
220,diagonal
220,square
205,inverse
194,positive
192,dimension
189,projection
189,entry
180,symmetric
175,equal
173,suppose
158,triangular
156,exchange
154,component
148,cos
142,sum
141,variable
141,independent
140,tor
137,perpendicular
134,algebra
134,la
131,mu
123,singular
123,doe
119,multiplication
118,subtract
115,ta
112,transformation
107,re
106,key
101,formula
100,compute
94,derivative
93,transpose
93,dot
93,permutation
92,sin
88,definite
86,true
86,length
84,complete
82,output
81,block
81,error
80,don
79,exact
78,node
75,triangle
71,ad
70,application
70,multiple
70,identity
70,input
70,function
69,ice
69,span
69,graph
69,angle
66,comb
66,divide
64,em
63,negative
61,axis
61,upper
60,notice
60,ed
60,reverse
58,below
57,transform
56,coefficient
55,unknown
55,con
54,ha
54,sub
54,pa
54,usual
53,original
53,direct
51,lower
51,rob
51,satisfy
51,fundamental
50,ex
49,dependent
49,mass
48,plus
48,correct
47,separate
47,repeat
46,trace
46,nu
45,infinite
45,circle
44,connect
44,false
43,volume
43,code
43,comer
43,construct
42,found
41,review
41,lane
40,substitution
40,solvable
40,theorem
39,combine
39,echelon
39,comp
39,multiplier
38,cannot
38,roo
38,leaf
38,differential
37,rotation
37,complex
37,count
36,fourth
35,definition
34,proof
34,quick
34,invert
33,method
33,i
33,loop
33,cross
33,independence
32,fast
32,extra
32,define
32,engineer
32,constant
32,average
32,therefore
32,jus
32,ted
30,ew
30,introduction
30,parabola
30,linearity
30,correspond
30,rectangular
30,fix
29,requirement
29,lo
29,minus
29,mathematics
29,inequality
29,rotate
29,reflection
29,addition
29,calculus
29,integral
27,steady
26,match
26,normal
26,split
26,pi
26,straight
25,app
25,fit
25,cosine
25,pure
25,pair
24,total
24,pascal
24,exist
24,cube
24,arrow
24,pattern
23,verify
23,parallel
23,root
23,eliminate
23,odd
23,shape
23,stretch
23,given
22,link
22,balance
22,basic
21,par
21,amp
21,minimize
21,ratio
21,actual
21,depend
21,except
21,om
21,decomposition
21,mo
21,id
21,impossible
20,three-dimensional
20,going
20,origin
20,substitute
20,flow
20,tan
20,numb
20,augment
20,yield
20,height
20,fa
19,unchanged
19,signal
19,crucial
19,minimum
19,typical
18,coordinate
18,parallelogram
18,scalar
18,absolute
18,quadratic
18,automatic
18,lock
17,aye
17,web
17,distance
17,polynomial
17,aw
17,recommend
17,kernel
17,triple
17,cancel
16,double
16,following
16,previous
16,assume
16,ellipse
16,pro
16,symmetry
16,unique
16,imaginary
16,incidence
16,wavelet
16,corner
16,tween
16,express
16,beauty
16,tar
15,random
15,finite
15,subtraction
15,teaching
15,eventual
15,conclusion
15,approximation
14,perfect
14,consist
14,unless
14,meaning
14,complement
14,bottom
14,command
13,inner
13,spec
13,shift
13,essential
13,exponential
13,wave
13,opposite
13,potential
13,computational
13,extreme
13,further
13,missing
13,relate
13,lea
13,discrete
12,voltage
12,ox
12,cyclic
12,please
12,proper
12,obey
12,measurement
12,immediate
12,parenthesis
12,especial
12,ordinary
12,replace
12,disappear
12,tension
12,stiff
12,extend
12,ti
12,probable
12,backward
11,video
11,splitting
11,horizontal
11,path
11,imp
11,poss
11,predict
11,chap
11,computation
11,eve
11,sine
11,decay
11,tum
11,possibility
11,limit
11,intersection
11,calculation
11,algorithm
10,thou
10,sec
10,feasible
10,stable
10,taking
10,desire
10,display
10,ow
10,bi
10,log
10,fraction
10,sequence
10,lecture
10,multiplicity
10,chemical
9,emphasize
9,sh
9,tilt
9,pace
9,boldface
9,maximum
9,notation
9,rec
9,nine
9,simplify
9,ram
9,prefer
9,nonlinear
9,ick
9,reorder
9,compress
9,favorite
9,uh
9,fitting
9,convert
9,guarantee
9,higher
9,twice
9,vertical
9,reduction
9,mark
8,understanding
8,dimensional
8,illustrate
8,datum
8,one-dimensional
8,surprise
8,textbook
8,geometry
8,dependence
8,otherwise
8,hi
8,converge
8,unusual
8,dim
8,reflect
8,continuous
8,print
8,pow
8,compression
8,expand
8,touch
8,alternate
8,ink
8,stability
8,coming
8,copy
8,website
8,income
8,commute
8,rand
7,reasonable
7,consumption
7,geometric
7,description
7,search
7,recover
7,obvious
7,two-dimensional
7,leaving
7,famous
7,numerical
7,cubic
7,practical
7,op
7,er
7,hint
7,unstable
7,rectangle
7,index
7,dual
7,elementary
7,exceed
7,homework
7,warning
7,demand
7,update
7,mirror
7,boundary
7,rove
7,whenever
7,google
7,trivial
7,wan
7,calculate
7,preface
7,math
7,concentrate
7,machine
7,ohm
6,working
6,organize
6,introduce
6,summary
6,importance
6,integer
6,systematic
6,doing
6,reversal
6,software
6,text
6,slope
6,broken
6,framework
6,inn
6,newton
6,outer
6,statistic
6,sudoku
6,speed
6,scientific
6,amaze
6,ho
6,shortage
6,account
6,remarkable
6,constraint
6,highlight
6,electrical
6,approximate
6,visualize
6,para
6,spa
6,hub
6,unsolvable
6,travel
6,rewrite
6,ahead
6,frequency
6,writing
6,lace
6,conjugate
6,unavoidable
5,def
5,duality
5,spectral
5,slight
5,pixel
5,sis
5,assumption
5,digital
5,finding
5,displacement
5,intersect
5,somehow
5,strange
5,connection
5,algebraic
5,physics
5,edition
5,succeed
5,adjacency
5,northwest
5,mostly
5,strict
5,mathematical
5,generation
5,failure
5,assemble
5,scale
5,rev
5,deduce
5,partial
5,xi
5,infinity
5,reader
5,exceptional
5,instability
5,equality
5,auk
5,achieve
5,advance
5,cheater
5,dynamic
5,spiral
5,derive
5,press
5,eleven
5,twelve
5,plot
5,demo
5,neat
5,mix
5,convenient
5,invent
5,band
5,capital
5,regard
5,downward
5,all-important
5,showing
5,trigonometry
5,execute
5,alone
5,confirm
5,mechanic
5,ranking
5,collect
5,opera
5,tat
5,hide
4,domain
4,familiar
4,rem
4,explicit
4,comment
4,tern
4,division
4,equilibrium
4,belong
4,exam
4,denote
4,flip
4,consistent
4,gravity
4,engine
4,theta
4,maximize
4,temporary
4,associative
4,elongation
4,commutative
4,polar
4,normalize
4,slow
4,probability
4,restrict
4,capture
4,translate
4,col
4,content
4,velocity
4,imply
4,ye
4,tee
4,empty
4,identical
4,equivalent
4,optimal
4,saw
4,reality
4,contribute
4,hype
4,quantity
4,principle
4,sitting
4,operate
4,pseudo
4,fiat
4,halfway
4,initial
4,realistic
4,relation
4,heavy
4,essay
4,circuit
4,integrate
4,saddle
4,yo
4,none
4,roach
4,southeast
4,python
4,dominate
4,distributive
4,simplicity
4,till
4,consume
4,ton
4,title
4,variety
4,argument
4,responsible
4,versus
4,upward
4,wolf
4,breakdown
4,actor
3,ah
3,apple
3,rod
3,fax
3,maple
3,associate
3,geometrical
3,recon
3,recursive
3,hmm
3,principal
3,virtual
3,permanent
3,theoretical
3,purpose
3,efficient
3,background
3,tab
3,squash
3,gallery
3,haven
3,library
3,infinitesimal
3,mechanical
3,momentum
3,saving
3,supercomputer
3,respect
3,element
3,reading
3,audio
3,experiment
3,overall
3,difficulty
3,localize
3,max
3,redraw
3,rue
3,leapfrog
3,exercise
3,tie
3,dense
3,mi
3,being
3,clock
3,hat
3,intend
3,unbounded
3,rep
3,optional
3,mathematician
3,insight
3,thin
3,minimization
3,pap
3,loo
3,locate
3,paragraph
3,factorial
3,oscillate
3,adjust
3,destroy
3,rough
3,frequent
3,blow
3,norm
3,oscillation
3,lib
3,discussion
3,visual
3,round
3,decided
3,existence
3,symbolic
3,arbitrary
3,turning
3,omit
3,emphasis
3,vice
3,endpoint
3,eh
3,jump
3,excellent
3,gain
3,damp
3,fox
3,option
3,mistake
3,fantastic
3,obtain
3,uncouple
3,storage
3,ourselves
3,elastic
3,evaluate
3,gram
3,propose
3,dent
3,everywhere
3,heat
3,curve
3,radius
3,mach
3,plastic
3,undo
3,quantum
3,flaw
3,symbol
3,screen
3,explanation
3,indefinite
3,workhorse
3,arithmetic
3,tricky
3,abs
3,attainable
3,accurate
3,trying
3,barrier
3,bow
2,proportional
2,shrink
2,fixing
2,danger
2,leap
2,weak
2,prediction
2,elasticity
2,improvement
2,sump
2,iterative
2,tail
2,sudden
2,characteristic
2,confession
2,feature
2,opinion
2,optimization
2,repetition
2,convergence
2,ensure
2,chop
2,italic
2,collection
2,ellipsis
2,precise
2,expression
2,semicolon
2,swing
2,neutral
2,suit
2,staircase
2,blank
2,remark
2,nan
2,forgive
2,correction
2,dash
2,internal
2,outcome
2,outstanding
2,twenty
2,giant
2,worth
2,devote
2,explode
2,indirect
2,foundation
2,lambda
2,resistance
2,namely
2,mom
2,sup
2,one-sided
2,pea
2,distribute
2,java
2,intricate
2,exponent
2,crazy
2,radian
2,prize
2,pyramid
2,complicate
2,sweep
2,nobody
2,rubber
2,external
2,email
2,processor
2,mine
2,ides
2,sketch
2,select
2,magnitude
2,diffusion
2,subscript
2,gradient
2,differentiate
2,cancellation
2,born
2,welcome
2,lease
2,thumb
2,borderline
2,theme
2,hiding
2,quest
2,sixteen
2,cheap
2,sensitivity
2,deserve
2,construction
2,lax
2,parameter
2,beg
2,instructor
2,valuable
2,unitary
2,colon
2,translation
2,filter
2,winner
2,govern
2,coin
2,summarize
2,publisher
2,suspect
2,preserve
2,productive
2,shade
2,tall
2,lure
2,homogeneous
2,diffuse
2,frame
2,tea
2,trick
2,motion
2,survive
2,descend
2,mental
2,graphical
2,ignore
2,orange
2,gradual
2,integration
2,rental
2,expensive
2,lance
2,nutshell
2,two-step
2,graphic
2,median
2,steel
2,mutual
2,headache
2,truck
2,interior
2,credit
2,representation
2,influence
2,permute
2,sigma
2,solid
2,reproduce
2,shortcut
2,clockwise
2,lad
2,rabbit
2,nod
2,justify
2,dollar
2,checkerboard
2,sparse
2,switch
2,pound
2,plenty
2,ill
2,similarity
2,hesitate
2,sans
2,noise
2,ace
2,unite
2,abstract
2,assign
2,worthwhile
2,bracket
2,uncertainty
2,anyway
2,apologize
2,awkward
2,ban
2,admit
2,chain
2,array
2,ail
1,making
1,pliers
1,technique
1,surf
1,rope
1,lull
1,tape
1,experimental
1,front
1,contribution
1,online
1,amazon
1,informal
1,density
1,lox
1,forty
1,provision
1,dependency
1,prohibit
1,dissipate
1,lap
1,vet
1,critical
1,hyperbola
1,sky
1,juggle
1,clarify
1,spot
1,consistency
1,gambler
1,specialize
1,skew
1,perpendicularity
1,hon
1,keyboard
1,hist
1,ridiculous
1,equipment
1,forge
1,subtle
1,spherical
1,decimal
1,wen
1,bound
1,supermarket
1,announce
1,slack
1,conduction
1,object
1,hammering
1,lively
1,mouse
1,deter
1,lip
1,disaster
1,inspiration
1,fie
1,tang
1,flit
1,constitutive
1,crossing
1,subroutine
1,rescue
1,confuse
1,reaction
1,fur
1,hanging
1,hook
1,inward
1,resistor
1,contradiction
1,smooth
1,stone
1,ham
1,comma
1,rare
1,impressive
1,dictionary
1,coo
1,schwa
1,overlap
1,conclude
1,proceed
1,pleasant
1,additional
1,mode
1,narrow
1,collision
1,finger
1,perp
1,sol
1,syllabus
1,continuity
1,dangerous
1,sou
1,purchase
1,knock
1,cub
1,ilium
1,conventional
1,refine
1,chess
1,bold
1,differentiation
1,picking
1,feed
1,taco
1,insert
1,cyclical
1,shorten
1,doubt
1,net
1,cur
1,disposal
1,redesign
1,semester
1,godfather
1,illuminate
1,happening
1,roadrunner
1,somebody
1,optimum
1,professional
1,repair
1,striking
1,essence
1,lash
1,ope
1,photocopy
1,tower
1,altogether
1,exaggerate
1,redefine
1,unacceptable
1,genus
1,residual
1,chemist
1,item
1,mac
1,spoil
1,scan
1,inspection
1,calculator
1,streamline
1,expansion
1,logarithm
1,literal
1,eighth
1,nth
1,species
1,concave
1,intuition
1,gamble
1,rocket
1,modem
1,permission
1,neither
1,chimney
1,rearrangement
1,creative
1,regression
1,hog
1,modify
1,gray
1,ref
1,tenth
1,regular
1,profess
1,interpret
1,observation
1,fertility
1,elegant
1,fascinate
1,arrange
1,typeset
1,revolutionize
1,slash
1,molecule
1,hurry
1,lob
1,conserve
1,unattractive
1,glossary
1,shear
1,collapse
1,slip
1,outline
1,gene
1,dad
1,correlation
1,scientist
1,trademark
1,stress
1,cone
1,placing
1,hence
1,revers
1,register
1,imagination
1,concoct
1,hem
1,seed
1,safety
1,odds
1,grace
1,pronounce
1,grateful
1,master
1,eta
1,suitable
1,leaning
1,printing
1,lei
1,cheek
1,interconnection
1,reset
1,sale
1,guide
1,doc
1,lump
1,quit
1,drawing
1,losing
1,customary
1,civil
1,finance
1,satellite
1,memorize
1,householder
1,fifth
1,fun
1,ire
1,conservation
1,lucky
1,lav
1,instant
1,encouragement
1,reconstruct
1,appearance
1,refuse
1,prow
1,incomplete
1,hypotenuse
1,safe
1,sim
1,profit
1,confident
1,convex
1,prime
1,superconductor
1,interconnect
1,built-in
1,commercial
1,magic
1,deceptive
1,perk
1,supposed
1,intensity
1,conductance
1,overnight
1,incredible
1,pendent
1,lopsided
1,violate
1,projectile
1,logy
1,birth
1,wand
1,lightface
1,cab
1,winning
1,novelty
1,beginning
1,vibrate
1,acceleration
1,faculty
1,mix-up
1,manual
1,industrial
1,rial
1,duo
1,restriction
1,gravitational
1,lac
1,location
1,mike
1,iteration
1,golden
1,fresh
1,statistician
1,halve
1,collaboration
1,illusion
1,electrocardiogram
1,settle
1,clean
1,soft
1,encourage
1,labor
1,freeze
1,humble
1,willow
1,aim
1,deviation
1,rad
1,inversion
1,unlivable
1,authorize
1,ply
1,transient
1,impose
1,lank
1,generate
1,sentence
1,posit
1,pleasure
1,cove
1,delicate
1,chemistry
1,evident
1,opening
1,composition
1,institute
1,disguise
1,suggestion
1,generous
1,conceptual
1,enormous
1,chord
1,enlarge
1,exception
1,forgettable
1,shorthand
1,abnormal
1,terrific
1,arc
1,smile
1,raw
1,southwest
1,temperature
1,estimation
1,seldom
1,refer
1,reserved
1,inefficient
1,oxford
1,alias
1,tone
1,second-degree
1,dedicate
1,manufacture
1,stick
1,apart
1,resist
1,denominator
1,ecology
1,forever
1,freedom
1,specify
1,mag
1,digest
1,sing
1,snappy
1,metal
1,restore
1,congress
1,secret
1,simulation
1,instruction
1,rename
1,seller
1,impure
1,newcomer
1,ell
1,lam
1,map
1,silly
1,competitive
1,praise
1,advice
1,spreadsheet
1,moderate
1,sensitive
1,tend
1,teat
1,pill
1,union
1,attain
1,octave
1,pose
1,circular
1,tow
1,alternative
1,cop
1,paradox
1,reinforce
1,pensive
1,coupling
1,relative
1,revolutionary
1,left-handed
1,primitive
1,subgroup
1,lift
1,extinction
1,overstretch
1,histogram
1,fluid
1,proceeds
1,exaggeration
1,fortunate
1,generalize
1,atom
1,unfortunate
1,estimate
1,guilty
1,molecular
1,permit
1,acceptable
1,inconvenience
1,sumo
1,deduction
1,route
1,preference
1,unheard
1,sick
1,sock
1,eagle
1,satisfactory
1,subset
1,gap
1,hundredth
1,shoe
1,boil
1,user
1,warn
1,brief
1,accident
1,attractive
1,anti
1,ancient
1,bye
1,apparent
1,tit
1,uncover
1,beside
1,upright
1,videotape
1,aside
1,actuality
1,wind
1,bet
1,terrible
1,champ
1,astonish
1,viewer
1,underlie
1,worldwide
1,analyst
1,beat
1,cay
1,tradeoff
1,bowl
1,tom
1,association
1,tunnel
1,award
1,untangle
1,unofficial
1,blowup
1,well-kept
1,breeze
1,bore
1,tot
1,tip
1,university
1,angular
1,thickness
1,ultimate
1,verse
1,unprofessional
1,border
1,torque
1,toolbox
1,unlike
1,analog
1,viewpoint
1,apology
1,tremendous
1,unrecognizable
1,binomial
1,whatsoever
1,unnecessary
1,trapezoidal
1,wire
1,anew
1,branch
1,category
1,analogy
1,variance
1,toll
1,version
1,advantage
1,bullet
1,unbeatable
1,arise
1,aeronautical
1,unexpected
1,via
1,anticipate
1,transmit
1,accelerate
